<?xml version="1.0"?>
<!--
************************************************************************
Spitfire config.

October 2007 Detlef Faber
************************************************************************
-->

<PropertyList>

 <sim>
  <description>Supermarine Spitfire Mk IX</description>
  <author>Detlef Faber</author>
  <rating>
    <FDM type="int">4</FDM>
    <systems type="int">3</systems>
    <model type="int">4</model>
    <cockpit type="int">3</cockpit>
  </rating>
  <flight-model>yasim</flight-model>
  <aero>spit9-yasim</aero>
  <armament include="Include/armament.xml"/>
  <fuel-fraction>1.0</fuel-fraction>
  <failure-manager>
    <controls-failure-drag type="double">1.0</controls-failure-drag>
    <controls-failure-roll type="double">0.7</controls-failure-roll>
    <engines>
      <engine n="0">
        <propstrike type="bool">false</propstrike>
        <propstrike-force type="float">0</propstrike-force>
      </engine>
    </engines>
    <flaps type="bool">false</flaps>
    <left-wing-torn type="bool">false</left-wing-torn>
    <right-wing-torn type="bool">false</right-wing-torn>
    <gear>
      <gear n="0">
        <jammed type="bool">false</jammed>
      </gear>
      <gear n="1">
        <jammed type="bool">false</jammed>
      </gear>
      <gear n="2">
        <jammed type="bool">false</jammed>
      </gear>
    </gear>
      <fail-type type= "int">0</fail-type>
  </failure-manager>
  <help include="Include/help.xml"/>
  <startup>
    <splash-texture>Aircraft/spitfireIX/spit9-splash1.png</splash-texture>
  </startup>
  <systems>
    <autopilot n="0">    
      <path>Aircraft/spitfireIX/Systems/AN-225-Mrija-autopilot.xml</path>
    </autopilot>
    <autopilot n="1">
      <path>Aircraft/spitfireIX/Systems/control-filters.xml</path>      
    </autopilot>
   <electrical>
    <path>Aircraft/Generic/generic-electrical.xml</path>
   </electrical>
  </systems> 
 
  <virtual-cockpit archive="y">true</virtual-cockpit>
  <allow-toggle-cockpit archive="y">true</allow-toggle-cockpit>

  <sound>
   <path>Aircraft/spitfireIX/Sounds/spitfire-sound.xml</path>
  </sound>

  <submodels> 
    <serviceable type="bool">true</serviceable>
    <path>Aircraft/spitfireIX/Models/submodels.xml</path>
  </submodels>

  <panel>
  <path>Aircraft/Generic/Panels/generic-vfr-panel.xml</path>
  <visibility>false</visibility>
  </panel>

  <model>
   <path>Aircraft/spitfireIX/Models/SpitfireIX.xml</path>
   <crew>
      <pilot>
        <pose include="Include/pilot-pose.xml"/>
        <visible>1.0</visible>
      </pilot>
   </crew>

   <livery>
     <bare-alu type="bool">false</bare-alu>
     <file/>
     <amb_correction type="string">0.1</amb_correction>
     <refl_correction type="string">-0.7</refl_correction>
   </livery>
  </model> 
    
  <view n="0">
   <internal archive="y">true</internal>
   <config>
    <x-offset-m archive="y" type="double">0.0</x-offset-m>
    <y-offset-m archive="y" type="double">0.7</y-offset-m>
    <z-offset-m archive="y" type="double">4.6</z-offset-m>
    <pitch-offset-deg>-7.5</pitch-offset-deg>
   </config>
  </view>

  <view n="1">
   <config>
    <target-z-offset-m archive="y" type="double">3.49</target-z-offset-m>
   </config>
  </view>

  <view n="2">
   <config>
    <target-z-offset-m archive="y" type="double">3.49</target-z-offset-m>
   </config>
  </view>

  <view n="3">
   <config>
    <target-z-offset-m archive="y" type="double">3.49</target-z-offset-m>
   </config>
  </view>

  <view n="4">
   <config>
    <target-z-offset-m archive="y" type="double">3.49</target-z-offset-m>
   </config>
  </view>
  <view n="5">
   <config>
    <target-z-offset-m archive="y" type="double">3.49</target-z-offset-m>
   </config>
  </view>
  <view n="6">
   <config>
    <target-z-offset-m archive="y" type="double">3.49</target-z-offset-m>
   </config>
  </view>
  <view n="7">
   <config>
    <target-z-offset-m archive="y" type="double">3.49</target-z-offset-m>
   </config>
  </view>
  <view n="100">
   <name>Pilot Cam</name>
   <type>lookfrom</type>
   <internal archive="y">true</internal>
    <config>
        <from-model type="bool">true</from-model>
        <from-model-idx type="int">0</from-model-idx>
        <ground-level-nearplane-m type="double">0.01</ground-level-nearplane-m>
        <default-field-of-view-deg type="double">70.0</default-field-of-view-deg>
        <default-pitch-deg type="double">0</default-pitch-deg>
        <default-heading-deg type="double">0</default-heading-deg>
        <front-direction-deg type="double">0</front-direction-deg>
     <x-offset-m archive="y" type="double">-0.14</x-offset-m>
     <y-offset-m archive="y" type="double">0.59</y-offset-m>
     <z-offset-m archive="y" type="double">3.95</z-offset-m>
     <pitch-offset-deg>-1</pitch-offset-deg>
         <heading-offset-deg>190</heading-offset-deg>
    </config>
  </view>
<!--
 <autopilot>
   <config>
     <min-climb-speed-kt type="float">70.0</min-climb-speed-kt>
     <best-climb-speed-kt type="float">75.0</best-climb-speed-kt>
     <target-climb-rate-fpm type="float">500.0</target-climb-rate-fpm>
     <target-descent-rate-fpm type="float">1000.0</target-descent-rate-fpm>
     <elevator-adj-factor type="float">4000.0</elevator-adj-factor>
     <integral-contribution type="float">0.01</integral-contribution>
     <zero-pitch-throttle type="float">0.45</zero-pitch-throttle>
     <zero-pitch-trim-full-throttle type="float">0.14</zero-pitch-trim-full-throttle>
   </config>
 </autopilot>
-->
  <hud>
   <enable3d>false</enable3d>
  </hud>  
    <menubar>
        <default>
            <menu n="10">
                <label>SpitfireIX</label>
                    <enabled type="bool">true</enabled>
<!--
                    <item>
                        <label>Magically start engine</label>
                        <binding>
                            <command>nasal</command>
                            <script>f4u.magicstart();</script>
                        </binding>
                    </item>
-->
        <item>
          <label>Configuration</label>
          <binding>
            <command>nasal</command>
            <script>spit9.config.open()</script>
          </binding>
        </item>
        <item>
          <label>Payload (only on Ground)</label>
          <binding>
            <command>nasal</command>
            <script><![CDATA[
              if (getprop("/velocities/groundspeed-kt") <=0.1) {
                spit9.payload.open();
              }
            ]]>
            </script>
          </binding>
        </item>


            </menu>
        </default>
    </menubar>
    <multiplay>
        <generic>
            <string/>
        </generic>
    </multiplay>

 <weight n="0">
    <name>left Wing</name>
    <weight-lb type="double">0</weight-lb>
    <selected>none</selected>
    <opt>
      <name>Select Loadout via the Payload Dialog</name>
      <lbs>0</lbs>
    </opt>
  </weight>

 <weight n="1">
    <name>Center</name>
      <tank>1</tank>
    <weight-lb type="double">0</weight-lb>
    <selected>none</selected>
    <opt>
      <name>none</name>
      <lbs>0</lbs>
    </opt>
    <opt>
      <name>Select Loadout via the Payload Dialog</name>
      <lbs>0</lbs>
    </opt>
      <opt>
        <name>Droptank</name>
        <lbs>50.0</lbs>
        <gals>86</gals>
    </opt>

  </weight>

 <weight n="2">
    <name>right Wing</name>
    <weight-lb type="double">0</weight-lb>
    <selected>none</selected>
    <opt>
      <name>Select Loadout via the Payload Dialog</name>
      <lbs>0</lbs>
    </opt>
  </weight>

</sim>

 <engines>
   <engine>
     <rpm type="double">0</rpm>
     <cylinder-temp-degc type="float">15</cylinder-temp-degc>
     <coolant-temp-degc type="float">15.0</coolant-temp-degc>
     <crankloop type="float">0</crankloop>
     <oiltempc type = "float">15.0</oiltempc>
     <oil-visc type = "float">0.1</oil-visc>
     <oil-press type = "float">0.0</oil-press>
     <fuel-press type ="float">0.0</fuel-press>
     <rev-strain type="int">0</rev-strain>
     <overrev type="int">0</overrev>
     <overheat type="int">0</overheat>
     <primed type="float">0</primed>
     <boost-strain type="float">0</boost-strain>
     <carburator-entry-temp-degc type="float">15</carburator-entry-temp-degc>
   </engine>
 </engines>


 <!-- set up control properties for YASim -->
  <controls>
    <armament>

      <trigger type="bool">false</trigger>
      <trigger1 type="bool">false</trigger1>
      <trigger2 type="bool">false</trigger2>
    </armament>
    <engines>
      <engine n="0">
        <magnetos>0</magnetos>
        <boost type="double">0.45</boost>
        <blower type="int">0</blower>
        <primer type="double">0.0</primer>
        <primer-pressed type="bool">0.0</primer-pressed>
    <throttle-c type="float">0</throttle-c>
        <cowl-flaps-norm type="float">0.0</cowl-flaps-norm>
        <mixture0 type="float">0</mixture0>
      </engine>
    </engines>
  <flight>
    <elevator type="double">-1.0</elevator>
    <heaviness>
      <aileron type="double">0.0</aileron>
      <aileron-gain type="double">8.5</aileron-gain>
      <elevator type="double">0.0</elevator>
      <elevator-gain type="double">4.4</elevator-gain>
      <rudder type="double">0.0</rudder>
      <rudder-gain type="double">4.5</rudder-gain>
    </heaviness>
    <aileron-filtered type ="double">0.0</aileron-filtered>
    <elevator-filtered type ="double">0.0</elevator-filtered>
    <rudder-filtered type ="double">0.0</rudder-filtered>
  </flight>
   <gear>
      <gear n="0">
        <gear-down type="bool">true</gear-down>
      </gear>
      <gear n="1">
        <gear-down type="bool">true</gear-down>
      </gear>
      <gear n="2">
        <gear-down type="bool">true</gear-down>
      </gear>
      <gear n="3">
        <gear-down type="bool">false</gear-down>
      </gear>
      <tailwheel-lock>true</tailwheel-lock>
      <emergency-extension type="bool">false</emergency-extension>
      <emergency-extension-pulled type="bool">false</emergency-extension-pulled>
      <brake-parking type="bool">true</brake-parking>
   </gear>

   <canopy>
      <canopy-pos-norm type="float">1.0</canopy-pos-norm>
   </canopy>

 </controls>
 <consumables>
  <fuel>
     <on-reserve type="int">0</on-reserve>
   <tank n="0">
    <name>Internal</name>
    <selected type="bool">false</selected>
   </tank>
   <tank n="1">
    <name>Droptank</name>
    <selected type="bool">false</selected>
   </tank>
  </fuel>
 </consumables>

 <!-- Map Keys -->
 <input>
    <keyboard>
      <key n="113"> 
        <name>q</name>
        <desc>Toggle Master Arm on</desc>
        <binding> 
          <command>property-adjust</command>
          <property>/controls/armament/master-arm</property>
          <step type="double">1</step>
          <min type="double">0</min>
          <max type="double">1</max>
        </binding>
      </key>
      <key n="81"> 
        <name>Q</name>
        <desc>Toggle Master Arm off</desc>
        <binding> 
          <command>property-adjust</command>
          <property>/controls/armament/master-arm</property>
          <step type="double">-1</step>
          <min type="double">0</min>
          <max type="double">1</max>
        </binding>
      </key>  
      <key n="101">
        <name>e</name>
        <desc>Fire MGs</desc>
        <binding>
            <command>property-toggle</command>
            <property>controls/armament/trigger</property>
        </binding>
        <mod-up>
          <binding>
            <command>property-toggle</command>
            <property>controls/armament/trigger</property>
          </binding>
        </mod-up>
      </key>

      <key n="69">
        <name>E</name>
        <desc>fire Cannons</desc>
        <binding>
            <command>property-toggle</command>
            <property>controls/armament/trigger1</property>
        </binding>
        <mod-up>
          <binding>
            <command>property-toggle</command>
            <property>controls/armament/trigger1</property>
          </binding>
        </mod-up>
      </key>
      <key n="5">
        <name>Ctrl-e</name>
        <desc>drop Center Load</desc>
        <binding>
            <command>property-toggle</command>
            <property>controls/armament/trigger2</property>
        </binding>
        <mod-up>
          <binding>
            <command>property-toggle</command>
            <property>controls/armament/trigger2</property>
          </binding>
        </mod-up>
      </key>

     </keyboard>
 </input>

<!-- Nasal files/scripts -->
  <nasal>

    <spit9>
      <file>Aircraft/spitfireIX/Nasal/spit9.nas</file>
    </spit9>
    <merlin>
      <file>Aircraft/spitfireIX/Nasal/merlin64.nas</file>
    </merlin>
    <failure>
      <file>Aircraft/spitfireIX/Nasal/failure.nas</file>
    </failure>
    <weapons>
      <file>Aircraft/spitfireIX/Nasal/weapons.nas</file>
    </weapons>
    <hitcheck>
      <file>Aircraft/spitfireIX/Nasal/hitcheck.nas</file>
    </hitcheck>
    <pilot>
      <file>Aircraft/Generic/Human/Nasal/pilot-movment.nas</file>
    </pilot>
  </nasal>

</PropertyList>




